//Test,Index,CBIT_0,CBIT_1,CBIT_2,CBIT_3,CBIT_4,CBIT_5,CBIT_6,CBIT_7,CBIT_8,CBIT_9,CBIT_10,CBIT_11,CBIT_12,CBIT_13,CBIT_14,CBIT_15,CBIT_16,CBIT_17,CBIT_18,CBIT_19,CBIT_20,CBIT_21,CBIT_22,CBIT_23,CBIT_24,CBIT_25,CBIT_26,CBIT_27,CBIT_28,CBIT_29,CBIT_30,CBIT_31,CBIT_32,CBIT_33,CBIT_34,CBIT_35,CBIT_36,CBIT_37,CBIT_38,CBIT_39,CBIT_40,CBIT_41,CBIT_42,CBIT_43,CBIT_44,CBIT_45,CBIT_46,CBIT_47,CBIT_48,CBIT_49,CBIT_50,CBIT_51,CBIT_52,CBIT_53,CBIT_54,CBIT_55,CBIT_56,CBIT_57,CBIT_58,CBIT_59,CBIT_60,CBIT_61,CBIT_62,CBIT_63
Cont!RWn!V,0,x,x,x,x,x,x,x,x,x,x,x,x,x,x,x,x,x,1,x,x,1,x,x,1,x,x,x,x,x,x,x,x,x,x,x,x,x,x,x,x,x,x,x,x,x,x,x,x,x,x,x,x,x,x,x,x,x,x,x,x,x,x,x,x
Cont!SPE!V,0,x,x,x,x,x,x,x,x,x,x,x,x,x,x,x,x,x,x,x,x,1,x,x,1,x,x,x,x,x,x,x,x,x,x,x,x,x,x,x,x,x,x,x,x,x,x,x,x,x,x,x,x,x,x,x,x,x,x,x,x,x,x,x,x
Cont!FLTMUX!V,0,x,x,x,x,x,x,x,x,x,x,x,x,x,x,x,x,x,1,x,x,1,x,x,x,x,x,x,x,x,x,x,x,x,x,x,x,x,x,x,x,x,x,x,x,x,x,x,x,x,x,x,x,x,x,x,x,x,x,x,x,x,x,x,x
Cont!RDP!V,0,x,x,x,x,x,x,x,x,x,x,x,x,x,x,x,x,x,x,x,x,1,x,x,x,x,x,x,x,x,x,x,x,x,x,x,x,x,x,x,1,x,x,x,x,x,x,x,x,x,x,x,x,x,x,x,x,x,x,x,x,x,x,x,x
Cont!RDN!V,0,x,x,x,x,x,x,x,x,x,x,x,x,x,x,x,x,x,x,x,x,1,x,x,x,x,x,x,x,x,x,x,x,x,x,x,x,x,x,x,x,1,x,x,x,x,x,x,x,x,x,x,x,x,x,x,x,x,x,x,x,x,x,x,x
Cont!HW0X!V,0,x,x,x,x,x,x,x,x,x,x,x,x,x,x,x,x,x,x,x,x,1,x,x,x,x,x,x,x,x,x,x,x,x,x,x,x,x,x,x,x,x,x,x,x,x,x,x,x,x,x,x,x,x,x,x,x,x,x,x,x,x,x,x,x
Cont!HW0Y!V,0,x,x,x,x,x,x,x,x,x,x,x,x,x,x,1,x,x,x,x,x,1,x,x,x,x,x,x,x,x,x,x,x,x,x,x,x,x,x,x,x,x,x,x,x,x,x,x,x,x,x,x,x,x,x,x,x,x,x,x,x,x,x,x,x
Cont!HW1X!V,0,x,x,x,x,x,x,x,x,x,x,x,x,x,x,1,x,x,x,x,x,1,x,x,x,x,x,x,x,x,x,x,x,x,x,x,x,x,x,x,x,x,x,x,x,x,x,x,x,x,x,x,x,x,x,x,x,x,x,x,x,x,x,x,x
Cont!HW1Y!V,0,x,x,x,x,x,x,x,x,x,x,x,x,x,x,1,x,x,x,x,x,1,x,x,x,x,x,x,x,x,x,x,x,x,x,x,x,x,x,x,x,x,x,x,x,x,x,x,x,x,x,x,x,x,x,x,x,x,x,x,x,x,x,x,x
Cont!HT0W!V,0,x,x,x,x,x,x,x,x,x,x,x,x,x,x,x,x,x,x,x,x,1,x,x,x,x,x,x,x,x,x,x,x,x,x,x,x,x,x,x,x,1,x,x,x,x,x,x,x,x,x,x,x,x,x,x,x,x,x,x,x,x,x,x,x
Cont!HT1W!V,0,x,x,x,x,x,x,x,x,x,x,x,x,x,x,x,x,x,x,x,x,1,x,x,x,x,x,x,x,x,x,x,x,x,x,x,x,x,x,x,x,1,x,x,x,x,x,x,x,x,x,x,x,x,x,x,x,x,x,x,x,x,x,x,x
Cont!HT0R!V,0,x,x,x,x,x,x,x,x,x,x,x,x,x,x,x,x,x,x,x,x,1,x,x,x,x,x,x,x,x,x,x,x,x,x,x,x,x,x,x,1,x,x,x,x,x,x,x,x,x,x,x,x,x,x,x,x,x,x,x,x,x,x,x,x
Cont!HT1R!V,0,x,x,x,x,x,x,x,x,x,x,x,x,x,x,x,x,x,x,x,x,1,x,x,x,x,x,x,x,x,x,x,x,x,x,x,x,x,x,x,1,x,x,x,x,x,x,x,x,x,x,x,x,x,x,x,x,x,x,x,x,x,x,x,x
Cont!HS0P!V,0,x,x,x,x,x,x,x,x,x,x,x,x,x,x,1,x,x,x,x,x,1,x,x,x,x,x,x,x,x,x,x,x,x,x,x,x,x,x,x,x,x,x,x,x,x,x,x,x,x,x,x,x,x,x,x,x,x,x,x,x,x,x,x,x
Cont!HS0N!V,0,x,x,x,x,x,x,x,x,x,x,x,x,x,x,x,x,x,x,x,x,1,x,x,x,x,x,x,x,x,x,x,x,x,x,x,x,x,1,x,x,x,x,x,x,x,x,x,x,x,x,x,x,x,x,x,x,x,x,x,x,x,x,x,x
Cont!HS1P!V,0,x,x,x,x,x,x,x,x,x,x,x,x,x,x,x,x,x,x,x,x,1,x,x,x,x,x,x,x,x,x,x,x,x,x,x,x,x,1,x,x,x,x,x,x,x,x,x,x,x,x,x,x,x,x,x,x,x,x,x,x,x,x,x,x
Cont!HS1N!V,0,x,x,x,x,x,x,x,x,x,x,x,x,x,x,1,x,x,x,x,x,1,x,x,x,x,x,x,x,x,x,x,x,x,x,x,x,x,x,x,x,x,x,x,x,x,x,x,x,x,x,x,x,x,x,x,x,x,x,x,x,x,x,x,x
Vendor_ID!SPD!R,0,x,x,x,x,x,x,x,x,x,x,x,x,x,x,x,x,x,x,x,x,1,x,x,1,x,x,x,x,x,x,x,x,x,x,x,x,x,x,x,x,x,x,x,x,x,x,x,x,x,x,x,x,x,x,x,x,x,x,x,x,x,x,x,x
PWR_On_REG!SPD!R,0,x,x,x,x,x,x,x,x,x,x,x,x,x,x,x,x,x,x,x,x,1,x,x,1,x,x,x,x,x,x,x,x,x,x,x,x,x,x,x,x,x,x,x,x,x,x,x,x,x,x,x,x,x,x,x,x,x,x,x,x,x,x,x,x
SPD_Chk_20MHZ!SPD!R,0,x,x,x,x,x,x,x,x,x,x,x,x,x,x,x,x,x,x,x,x,1,x,x,1,x,x,x,x,x,x,x,x,x,x,x,x,x,x,x,x,x,x,x,x,x,x,x,x,x,x,x,x,x,x,x,x,x,x,x,x,x,x,x,x
SPD_Chk_100MHZ1p8V!SPD!R,0,x,x,x,x,x,x,x,x,x,x,x,x,x,x,x,x,x,x,x,x,1,x,x,1,x,x,x,x,x,x,x,x,x,x,x,x,x,x,x,x,x,x,x,x,x,x,x,x,x,x,x,x,x,x,x,x,x,x,x,x,x,x,x,x
SPD_Chk_100MHZ2p5V!SPD!R,0,x,x,x,x,x,x,x,x,x,x,x,x,x,x,x,x,x,x,x,x,1,x,x,1,x,x,x,x,x,x,x,x,x,x,x,x,x,x,x,x,x,x,x,x,x,x,x,x,x,x,x,x,x,x,x,x,x,x,x,x,x,x,x,x
POR!SPD!R,0,x,x,x,x,x,x,x,x,x,x,x,x,x,x,x,x,x,x,x,x,1,x,x,1,x,x,x,x,x,x,x,x,x,x,x,x,x,x,x,x,x,x,x,x,x,x,x,x,x,x,x,x,x,x,x,x,x,x,x,x,x,x,x,x
VOL^2p5v_2mA!SPD!S,0,x,x,x,x,x,x,x,x,x,x,x,x,x,x,x,x,x,1,x,x,1,x,x,1,x,x,x,x,x,x,x,x,x,x,x,x,x,x,x,x,x,x,x,x,x,x,x,x,x,x,x,x,x,x,x,x,x,x,x,x,x,x,x,x
VOL^1p8v_2mA!SPD!S,0,x,x,x,x,x,x,x,x,x,x,x,x,x,x,x,x,x,1,x,x,1,x,x,1,x,x,x,x,x,x,x,x,x,x,x,x,x,x,x,x,x,x,x,x,x,x,x,x,x,x,x,x,x,x,x,x,x,x,x,x,x,x,x,x
iil_pd15k_1p8V^!RWn!S,0,x,x,x,x,x,x,x,x,x,x,x,x,x,x,x,x,x,1,x,x,1,x,x,1,x,x,x,x,x,x,x,x,x,x,x,x,x,x,x,x,x,x,x,x,x,x,x,x,x,x,x,x,x,x,x,x,x,x,x,x,x,x,x,x
iil_pd15k_2p5V^!RWn!S,0,x,x,x,x,x,x,x,x,x,x,x,x,x,x,x,x,x,1,x,x,1,x,x,1,x,x,x,x,x,x,x,x,x,x,x,x,x,x,x,x,x,x,x,x,x,x,x,x,x,x,x,x,x,x,x,x,x,x,x,x,x,x,x,x
nion^1p8!SPD!V,0,x,x,x,x,x,x,x,x,x,x,x,x,x,x,x,x,x,x,x,x,1,x,x,1,x,x,x,x,x,x,x,x,x,x,x,x,x,x,x,x,x,x,x,x,x,x,x,x,x,x,x,x,x,x,x,x,x,x,x,x,x,x,x,x
BVebs^!FLTMUX!R,0,x,x,x,x,x,x,x,x,x,x,x,x,x,x,x,x,x,1,x,x,1,x,x,1,x,x,x,x,x,x,x,x,x,x,x,x,x,x,x,x,x,x,x,x,x,x,x,x,x,x,x,x,x,x,x,x,x,x,x,x,x,x,x,x
Rwd_in_Slp!WD!R,0,x,x,x,x,x,x,x,x,x,x,x,x,x,x,x,x,x,x,x,x,1,x,x,1,x,x,x,x,x,x,x,x,x,x,x,x,x,x,x,x,x,x,x,x,x,x,x,x,x,x,x,x,x,x,x,x,x,x,x,x,x,x,x,x
Fdg_K0_Target!FLTMUX!R,0,x,x,x,x,x,x,x,x,x,x,x,x,x,x,x,x,x,1,1,1,1,x,x,1,x,x,x,x,x,x,x,x,x,x,x,x,x,x,x,x,x,x,x,x,x,x,x,x,x,x,x,x,x,x,x,x,x,x,x,x,x,x,x,x
Wtr_RunDataOscilator!FLTMUX!V,0,x,x,x,x,x,x,x,x,x,x,x,x,x,x,x,x,x,1,1,1,1,x,x,1,x,x,x,x,x,x,x,x,x,x,x,x,x,x,x,x,x,x,x,x,x,x,x,x,x,x,x,x,x,x,x,x,x,x,x,x,x,x,x,x
Av_ps_DAC!HR0!R,0,0,0,0,x,x,x,x,x,x,x,x,x,x,x,x,x,x,x,x,x,1,x,x,1,x,x,x,x,x,x,x,x,x,x,x,x,x,x,x,x,x,x,x,x,x,x,x,x,x,x,x,x,x,x,x,x,x,1,x,x,1,x,x,x
Av_ps_DAC!HR0!R,1,1,0,0,x,x,x,x,x,x,x,x,x,x,x,x,x,x,x,x,x,1,x,x,1,x,x,x,x,x,x,x,x,x,x,x,x,x,x,x,x,x,x,x,x,x,x,x,x,x,x,x,x,x,x,x,x,x,1,x,x,1,x,x,x
Av_ps_DAC!HR0!R,2,0,1,0,x,x,x,x,x,x,x,x,x,x,x,x,x,x,x,x,x,1,x,x,1,x,x,x,x,x,x,x,x,x,x,x,x,x,x,x,x,x,x,x,x,x,x,x,x,x,x,x,x,x,x,x,x,x,1,x,x,1,x,x,x
Av^K0!HR0!S,0,0,0,0,x,x,x,x,x,x,x,x,x,x,x,x,x,x,x,x,x,1,x,x,1,x,x,x,x,x,x,x,x,x,x,x,x,x,x,x,x,x,x,x,x,x,x,x,x,x,x,x,x,x,x,x,x,x,1,x,x,1,x,x,x
Av^K0!HR0!S,1,1,0,0,x,x,x,x,x,x,x,x,x,x,x,x,x,x,x,x,x,1,x,x,1,x,x,x,x,x,x,x,x,x,x,x,x,x,x,x,x,x,x,x,x,x,x,x,x,x,x,x,x,x,x,x,x,x,1,x,x,1,x,x,x
Av^K0!HR0!S,2,0,1,0,x,x,x,x,x,x,x,x,x,x,x,x,x,x,x,x,x,1,x,x,1,x,x,x,x,x,x,x,x,x,x,x,x,x,x,x,x,x,x,x,x,x,x,x,x,x,x,x,x,x,x,x,x,x,1,x,x,1,x,x,x
Av^K0!HR1!S,0,0,0,0,x,x,x,x,x,x,x,x,x,x,x,x,x,x,x,x,x,1,x,x,1,x,x,x,x,x,x,x,x,x,x,x,x,x,x,x,x,x,x,x,x,x,x,x,x,x,x,x,x,x,x,x,x,x,1,x,x,1,x,x,x
Av^K0!HR1!S,1,1,0,0,x,x,x,x,x,x,x,x,x,x,x,x,x,x,x,x,x,1,x,x,1,x,x,x,x,x,x,x,x,x,x,x,x,x,x,x,x,x,x,x,x,x,x,x,x,x,x,x,x,x,x,x,x,x,1,x,x,1,x,x,x
Av^K0!HR1!S,2,0,1,0,x,x,x,x,x,x,x,x,x,x,x,x,x,x,x,x,x,1,x,x,1,x,x,x,x,x,x,x,x,x,x,x,x,x,x,x,x,x,x,x,x,x,x,x,x,x,x,x,x,x,x,x,x,x,1,x,x,1,x,x,x
Zdin_K0_Vout!HR0!T,0,0,0,0,x,x,x,x,x,x,x,x,x,x,x,x,x,x,x,x,x,1,x,x,1,x,x,x,x,x,x,x,x,x,x,x,x,x,x,x,x,x,x,x,x,x,x,x,x,x,x,x,x,x,x,x,x,x,1,x,x,1,x,x,x
Zdin_K0_Vout!HR0!T,1,1,0,0,x,x,x,x,x,x,x,x,x,x,x,x,x,x,x,x,x,1,x,x,1,x,x,x,x,x,x,x,x,x,x,x,x,x,x,x,x,x,x,x,x,x,x,x,x,x,x,x,x,x,x,x,x,x,1,x,x,1,x,x,x
Zdin_K0_Vout!HR0!T,2,0,1,0,x,x,x,x,x,x,x,x,x,x,x,x,x,x,x,x,x,1,x,x,1,x,x,x,x,x,x,x,x,x,x,x,x,x,x,x,x,x,x,x,x,x,x,x,x,x,x,x,x,x,x,x,x,x,1,x,x,1,x,x,x
Vir_dr_Ratio!HR0!V,0,0,0,0,x,x,x,x,x,x,x,x,x,x,x,x,x,x,x,x,x,1,x,x,1,x,x,x,x,x,x,x,x,x,x,x,x,x,x,x,x,x,x,x,x,x,x,x,x,x,x,x,x,x,x,x,x,x,1,x,x,1,x,x,x
Vir_dr_Ratio!HR0!V,1,1,0,0,x,x,x,x,x,x,x,x,x,x,x,x,x,x,x,x,x,1,x,x,1,x,x,x,x,x,x,x,x,x,x,x,x,x,x,x,x,x,x,x,x,x,x,x,x,x,x,x,x,x,x,x,x,x,1,x,x,1,x,x,x
Vir_dr_Ratio!HR0!V,2,0,1,0,x,x,x,x,x,x,x,x,x,x,x,x,x,x,x,x,x,1,x,x,1,x,x,x,x,x,x,x,x,x,x,x,x,x,x,x,x,x,x,x,x,x,x,x,x,x,x,x,x,x,x,x,x,x,1,x,x,1,x,x,x
Icc_s^!VCC!S,0,x,x,x,x,x,x,x,x,x,x,x,x,x,x,x,x,x,x,x,x,1,x,x,1,x,x,x,x,x,x,x,x,x,x,x,x,x,x,x,x,x,x,x,x,x,x,x,x,x,x,x,x,x,x,x,x,x,x,x,x,x,x,x,x
DTemp_abs_Raw_Id!SPD!R,0,x,x,x,x,x,x,x,x,x,x,x,x,x,x,x,x,x,x,x,x,1,x,x,1,x,x,x,x,x,x,x,x,x,x,x,x,x,x,x,x,x,x,x,x,x,x,x,x,x,x,x,x,x,x,x,x,x,x,x,x,x,x,x,x
VP33W^Slp_3p3!FLTMUX!R,0,x,x,x,x,x,x,x,x,x,x,x,x,x,x,x,x,x,1,x,x,1,x,x,1,x,x,x,x,x,x,x,x,x,x,x,x,x,x,x,x,x,x,x,x,x,x,x,x,x,x,x,x,x,x,x,x,x,x,x,x,x,x,x,x
VP15_K0_WrtRegTune!FLTMUX!R,0,x,x,x,x,x,x,x,x,x,x,x,x,x,x,x,x,x,1,x,x,1,x,x,1,x,x,x,x,x,x,x,x,x,x,x,x,x,x,x,x,x,x,x,x,x,x,x,x,x,x,x,x,x,x,x,x,x,x,x,x,x,x,x,x
LVt_NMOS_IOFF^!AMUX!V,0,x,x,x,x,x,x,x,x,x,x,x,x,x,x,x,x,x,1,x,x,1,x,x,1,x,x,x,x,x,x,x,x,x,x,x,x,x,x,x,x,x,x,x,x,x,x,x,x,x,x,x,x,x,x,x,x,x,x,x,x,x,x,x,x
dIMR_ps_RANGE!HR0!R,0,x,x,x,x,x,x,x,x,x,x,x,x,x,x,x,x,x,x,x,x,1,x,x,1,x,x,x,x,x,x,x,x,x,x,x,x,x,x,x,x,x,x,x,x,x,x,x,x,x,x,x,x,x,x,x,x,x,x,x,x,x,x,x,x
dIMR^K12!HR0!S,0,x,x,x,x,x,x,x,x,x,x,x,x,x,x,x,x,x,x,x,x,1,x,x,1,x,x,x,x,x,x,x,x,x,x,x,x,x,x,x,x,x,x,x,x,x,x,x,x,x,x,x,x,x,x,x,x,x,x,x,x,x,x,x,x
dIMR^K12!HR1!S,0,x,x,x,x,x,x,x,x,x,x,x,x,x,x,x,x,x,x,x,x,1,x,x,1,x,x,x,x,x,x,x,x,x,x,x,x,x,x,x,x,x,x,x,x,x,x,x,x,x,x,x,x,x,x,x,x,x,x,x,x,x,x,x,x
dIMR_hd^K12!HR!V,0,x,x,x,x,x,x,x,x,x,x,x,x,x,x,x,x,x,x,x,x,1,x,x,1,x,x,x,x,x,x,x,x,x,x,x,x,x,x,x,x,x,x,x,x,x,x,x,x,x,x,x,x,x,x,x,x,x,x,x,x,x,x,x,x
dVMR_ps_DAC!HR0!R,0,x,x,x,x,x,x,x,x,x,x,x,x,x,x,x,x,x,x,x,x,1,x,x,1,x,x,x,x,x,x,x,x,x,x,x,x,x,x,x,x,x,x,x,x,x,x,x,x,x,x,x,x,x,x,x,x,x,x,x,x,x,x,x,x
dVMR^K0!HR0!S,0,x,x,x,x,x,x,x,x,x,x,x,x,x,x,x,x,x,x,x,x,1,x,x,1,x,x,x,x,x,x,x,x,x,x,x,x,x,x,x,x,x,x,x,x,x,x,x,x,x,x,x,x,x,x,x,x,x,x,x,x,x,x,x,x
dVMR^K0!HR1!S,0,x,x,x,x,x,x,x,x,x,x,x,x,x,x,x,x,x,x,x,x,1,x,x,1,x,x,x,x,x,x,x,x,x,x,x,x,x,x,x,x,x,x,x,x,x,x,x,x,x,x,x,x,x,x,x,x,x,x,x,x,x,x,x,x
dVMR_hd^K0!HR!V,0,x,x,x,x,x,x,x,x,x,x,x,x,x,x,x,x,x,x,x,x,1,x,x,1,x,x,x,x,x,x,x,x,x,x,x,x,x,x,x,x,x,x,x,x,x,x,x,x,x,x,x,x,x,x,x,x,x,x,x,x,x,x,x,x
IMR_uns^Ibias_Rd!HR0!S,0,x,x,x,x,x,x,x,x,x,x,x,x,x,x,x,x,x,x,x,x,1,x,x,1,x,x,x,x,x,x,x,x,x,x,x,x,x,x,x,x,x,x,x,x,x,x,x,x,x,x,x,x,x,x,x,x,x,x,x,x,x,x,x,x
IMR_uns^Ibias_Rd!HR1!S,0,x,x,x,x,x,x,x,x,x,x,x,x,x,x,x,x,x,x,x,x,1,x,x,1,x,x,x,x,x,x,x,x,x,x,x,x,x,x,x,x,x,x,x,x,x,x,x,x,x,x,x,x,x,x,x,x,x,x,x,x,x,x,x,x
IMR_uns^Vbias_Rd!HR0!V,0,x,x,x,x,x,x,x,x,x,x,x,x,x,x,x,x,x,x,x,x,1,x,x,1,x,x,x,x,x,x,x,x,x,x,x,x,x,x,x,x,x,x,x,x,x,x,x,x,x,x,x,x,x,x,x,x,x,x,x,x,x,x,x,x
IMR_uns^Vbias_Rd!HR1!V,0,x,x,x,x,x,x,x,x,x,x,x,x,x,x,x,x,x,x,x,x,1,x,x,1,x,x,x,x,x,x,x,x,x,x,x,x,x,x,x,x,x,x,x,x,x,x,x,x,x,x,x,x,x,x,x,x,x,x,x,x,x,x,x,x
Vos^Ibias_Av8!RDPN!S,0,x,x,x,x,x,x,x,x,x,x,x,x,x,x,x,x,x,x,x,x,1,x,x,1,x,x,x,x,x,x,x,x,x,x,x,x,x,x,x,0,0,x,x,x,x,x,x,x,x,x,x,x,x,x,x,x,x,x,x,x,x,x,x,x
Vos^Ibias_Av8!RDPN!S,1,x,x,x,x,x,x,x,x,x,x,x,x,x,x,x,x,x,x,x,x,1,x,x,1,x,x,x,x,x,x,x,x,x,x,x,x,x,x,x,1,0,x,x,x,x,x,x,x,x,x,x,x,x,x,x,x,x,x,x,x,x,x,x,x
Vos^Ibias_Av8!RDPN!S,2,x,x,x,x,x,x,x,x,x,x,x,x,x,x,x,x,x,x,x,x,1,x,x,1,x,x,x,x,x,x,x,x,x,x,x,x,x,x,x,0,1,x,x,x,x,x,x,x,x,x,x,x,x,x,x,x,x,x,x,x,x,x,x,x
Vos^Vbias_Av8!RDPN!V,0,x,x,x,x,x,x,x,x,x,x,x,x,x,x,x,x,x,x,x,x,1,x,x,1,x,x,x,x,x,x,x,x,x,x,x,x,x,x,x,0,0,x,x,x,x,x,x,x,x,x,x,x,x,x,x,x,x,x,x,x,x,x,x,x
Vos^Vbias_Av8!RDPN!V,1,x,x,x,x,x,x,x,x,x,x,x,x,x,x,x,x,x,x,x,x,1,x,x,1,x,x,x,x,x,x,x,x,x,x,x,x,x,x,x,1,0,x,x,x,x,x,x,x,x,x,x,x,x,x,x,x,x,x,x,x,x,x,x,x
Vos^Vbias_Av8!RDPN!V,2,x,x,x,x,x,x,x,x,x,x,x,x,x,x,x,x,x,x,x,x,1,x,x,1,x,x,x,x,x,x,x,x,x,x,x,x,x,x,x,0,1,x,x,x,x,x,x,x,x,x,x,x,x,x,x,x,x,x,x,x,x,x,x,x
Vocm^Rd_Ibias!RDPN!S,0,x,x,x,x,x,x,x,x,x,x,x,x,x,x,x,x,x,x,x,x,1,x,x,1,x,x,x,x,x,x,x,x,x,x,x,x,x,x,x,0,0,x,x,x,x,x,x,x,x,x,x,x,x,x,x,x,x,x,x,x,x,x,x,x
Vocm^Rd_Ibias!RDPN!S,1,x,x,x,x,x,x,x,x,x,x,x,x,x,x,x,x,x,x,x,x,1,x,x,1,x,x,x,x,x,x,x,x,x,x,x,x,x,x,x,1,0,x,x,x,x,x,x,x,x,x,x,x,x,x,x,x,x,x,x,x,x,x,x,x
Vocm^Rd_Ibias!RDPN!S,2,x,x,x,x,x,x,x,x,x,x,x,x,x,x,x,x,x,x,x,x,1,x,x,1,x,x,x,x,x,x,x,x,x,x,x,x,x,x,x,0,1,x,x,x,x,x,x,x,x,x,x,x,x,x,x,x,x,x,x,x,x,x,x,x
Vocm^Rd_Vbias!RDPN!V,0,x,x,x,x,x,x,x,x,x,x,x,x,x,x,x,x,x,x,x,x,1,x,x,1,x,x,x,x,x,x,x,x,x,x,x,x,x,x,x,0,0,x,x,x,x,x,x,x,x,x,x,x,x,x,x,x,x,x,x,x,x,x,x,x
Vocm^Rd_Vbias!RDPN!V,1,x,x,x,x,x,x,x,x,x,x,x,x,x,x,x,x,x,x,x,x,1,x,x,1,x,x,x,x,x,x,x,x,x,x,x,x,x,x,x,1,0,x,x,x,x,x,x,x,x,x,x,x,x,x,x,x,x,x,x,x,x,x,x,x
Vocm^Rd_Vbias!RDPN!V,2,x,x,x,x,x,x,x,x,x,x,x,x,x,x,x,x,x,x,x,x,1,x,x,1,x,x,x,x,x,x,x,x,x,x,x,x,x,x,x,0,1,x,x,x,x,x,x,x,x,x,x,x,x,x,x,x,x,x,x,x,x,x,x,x
Rseo^!RdP!S,0,0,x,x,x,x,x,x,x,x,1,1,x,x,x,x,x,x,x,x,x,1,x,x,1,x,x,x,x,x,x,x,x,x,x,x,x,x,x,x,x,1,x,x,x,x,x,x,1,x,x,x,x,x,x,x,x,x,x,x,x,x,x,x,x
dIW_ps_DAC!HW0!R,0,x,x,x,x,x,x,x,x,x,x,x,x,x,x,1,x,x,x,x,x,1,x,x,1,x,x,x,x,x,x,x,x,x,x,x,x,x,x,x,x,x,x,x,x,x,x,x,x,x,x,x,x,x,x,x,x,x,x,x,x,x,x,x,x
dIw^X_R0K0!HW0!S,0,x,x,x,x,x,x,x,x,x,x,x,x,x,x,1,x,x,x,x,x,1,x,x,1,x,x,x,x,x,x,x,x,x,x,x,x,x,x,x,x,x,x,x,x,x,x,x,x,x,x,x,x,x,x,x,x,x,x,x,x,x,x,x,x
dIw^X_R0K0!HW1!S,0,x,x,x,x,x,x,x,x,x,x,x,x,x,x,1,x,x,x,x,x,1,x,x,1,x,x,x,x,x,x,x,x,x,x,x,x,x,x,x,x,x,x,x,x,x,x,x,x,x,x,x,x,x,x,x,x,x,x,x,x,x,x,x,x
dIw^XAPR0K0!HW0!S,0,x,x,x,x,x,x,x,x,x,x,x,x,x,x,1,x,x,x,x,x,1,x,x,1,x,x,x,x,x,x,x,x,x,x,x,x,x,x,x,x,x,x,x,x,x,x,x,x,x,x,x,x,x,x,x,x,x,x,x,x,x,x,x,x
dIw^XAPR0K0!HW1!S,0,x,x,x,x,x,x,x,x,x,x,x,x,x,x,1,x,x,x,x,x,1,x,x,1,x,x,x,x,x,x,x,x,x,x,x,x,x,x,x,x,x,x,x,x,x,x,x,x,x,x,x,x,x,x,x,x,x,x,x,x,x,x,x,x
dIw^XANR0K0!HW0!S,0,x,x,x,x,x,x,x,x,x,x,x,x,x,x,1,x,x,x,x,x,1,x,x,1,x,x,x,x,x,x,x,x,x,x,x,x,x,x,x,x,x,x,x,x,x,x,x,x,x,x,x,x,x,x,x,x,x,x,x,x,x,x,x,x
dIw^XANR0K0!HW1!S,0,x,x,x,x,x,x,x,x,x,x,x,x,x,x,1,x,x,x,x,x,1,x,x,1,x,x,x,x,x,x,x,x,x,x,x,x,x,x,x,x,x,x,x,x,x,x,x,x,x,x,x,x,x,x,x,x,x,x,x,x,x,x,x,x
dIos^X_K0!HW0!R,0,x,x,x,x,x,x,x,x,x,x,x,x,x,x,1,x,x,x,x,x,1,x,x,1,x,x,x,x,x,x,x,x,x,x,x,x,x,x,x,x,x,x,x,x,x,x,x,x,x,x,x,x,x,x,x,x,x,x,x,x,x,x,x,x
//dIos^X_K0!HW0!R,0,x,x,x,x,x,x,x,x,1,x,x,x,x,x,x,x,x,x,x,x,1,x,x,1,x,x,x,x,x,x,x,x,x,x,x,x,x,x,x,x,x,x,x,x,x,x,x,x,x,x,x,x,x,x,x,x,x,x,x,x,x,x,x,x
dIos^X_K0!HW1!R,0,x,x,x,x,x,x,x,x,x,x,x,x,x,x,1,x,x,x,x,x,1,x,x,1,x,x,x,x,x,x,x,x,x,x,x,x,x,x,x,x,x,x,x,x,x,x,x,x,x,x,x,x,x,x,x,x,x,x,x,x,x,x,x,x
dIos^XAPR3K0!HW0!S,0,x,x,x,x,x,x,x,x,x,x,x,x,x,x,1,x,x,x,x,x,1,x,x,1,x,x,x,x,x,x,x,x,x,x,x,x,x,x,x,x,x,x,x,x,x,x,x,x,x,x,x,x,x,x,x,x,x,x,x,x,x,x,x,x
dIos^XAPR3K0!HW1!S,0,x,x,x,x,x,x,x,x,x,x,x,x,x,x,1,x,x,x,x,x,1,x,x,1,x,x,x,x,x,x,x,x,x,x,x,x,x,x,x,x,x,x,x,x,x,x,x,x,x,x,x,x,x,x,x,x,x,x,x,x,x,x,x,x
dIos^XANR3K0!HW0!S,0,x,x,x,x,x,x,x,x,x,x,x,x,x,x,1,x,x,x,x,x,1,x,x,1,x,x,x,x,x,x,x,x,x,x,x,x,x,x,x,x,x,x,x,x,x,x,x,x,x,x,x,x,x,x,x,x,x,x,x,x,x,x,x,x
dIos^XANR3K0!HW1!S,0,x,x,x,x,x,x,x,x,x,x,x,x,x,x,1,x,x,x,x,x,1,x,x,1,x,x,x,x,x,x,x,x,x,x,x,x,x,x,x,x,x,x,x,x,x,x,x,x,x,x,x,x,x,x,x,x,x,x,x,x,x,x,x,x
Rw_out_55^WZ0!HW0!S,0,x,x,x,x,x,x,x,x,x,x,x,x,x,x,1,x,x,x,x,x,1,x,x,1,x,x,x,x,x,x,x,x,x,x,x,x,x,x,x,x,x,x,x,x,x,x,x,x,x,x,x,x,x,x,x,x,x,x,x,x,x,x,x,x
Rw_out_55^WZ0!HW1!S,0,x,x,x,x,x,x,x,x,x,x,x,x,x,x,1,x,x,x,x,x,1,x,x,1,x,x,x,x,x,x,x,x,x,x,x,x,x,x,x,x,x,x,x,x,x,x,x,x,x,x,x,x,x,x,x,x,x,x,x,x,x,x,x,x
Idur^R0_K0!HW0!R,0,x,x,x,x,x,x,x,x,x,x,x,x,x,x,x,x,x,1,x,x,1,x,x,1,x,x,x,x,x,x,x,x,x,x,x,x,x,x,x,x,x,x,x,x,x,x,x,x,x,x,x,x,x,x,x,x,x,x,x,x,x,x,x,x
Vow_uns^!HW0X!S,0,x,x,x,x,x,x,x,x,x,x,x,x,x,x,1,x,x,x,x,x,1,x,x,1,x,x,x,x,x,x,x,x,x,x,x,x,x,x,x,x,x,x,x,x,x,x,x,x,x,x,x,x,x,x,x,x,x,x,x,x,x,x,x,x
Vow_uns^!HW1X!S,0,x,x,x,x,x,x,x,x,x,x,x,x,x,x,1,x,x,x,x,x,1,x,x,1,x,x,x,x,x,x,x,x,x,x,x,x,x,x,x,x,x,x,x,x,x,x,x,x,x,x,x,x,x,x,x,x,x,x,x,x,x,x,x,x
dVfhs_ps_DAC!HS0!R,0,x,x,x,x,x,x,x,x,x,x,x,x,x,x,1,x,x,x,x,x,1,x,x,1,x,x,x,x,x,x,x,x,x,x,x,x,x,x,x,x,x,x,x,x,x,x,x,x,x,x,x,x,x,x,x,x,x,x,x,x,x,x,x,x
dPheat_ps_RANGE!HW0!S,0,x,x,x,x,x,x,x,x,x,x,x,x,x,x,x,x,x,x,x,x,1,x,x,1,x,x,x,x,x,x,x,x,x,x,x,x,x,x,x,x,x,x,x,x,x,x,x,x,x,x,x,x,x,x,x,x,x,x,x,x,x,x,x,x
dPheat_ps_RANGE!HR0!S,0,x,x,x,x,x,x,x,x,x,x,x,x,x,x,x,x,x,x,x,x,1,x,x,1,x,x,x,x,x,x,x,x,x,x,x,x,x,x,x,x,x,x,x,x,x,x,x,x,x,x,x,x,x,x,x,x,x,x,x,x,x,x,x,x
dVheat^Rd_R0_K0!HW0!S,0,x,x,x,x,x,x,x,x,x,x,x,x,x,x,x,x,x,x,x,x,1,x,x,1,x,x,x,x,x,x,x,x,x,x,x,x,x,x,x,x,x,x,x,x,x,x,x,x,x,x,x,x,x,x,x,x,x,x,x,x,x,x,x,x
dVheat^Rd_R0_K0!HR0!S,0,x,x,x,x,x,x,x,x,x,x,x,x,x,x,x,x,x,x,x,x,1,x,x,1,x,x,x,x,x,x,x,x,x,x,x,x,x,x,x,x,x,x,x,x,x,x,x,x,x,x,x,x,x,x,x,x,x,x,x,x,x,x,x,x
dPheat^Wt0_HDS_K0!HW0!S,0,x,x,x,x,x,x,x,x,x,x,x,x,x,x,x,x,x,x,x,x,1,x,x,1,x,x,x,x,x,x,x,x,x,x,x,x,x,x,x,x,x,x,x,x,x,x,x,x,x,x,x,x,x,x,x,x,x,x,x,x,x,x,x,x
dPheat^Wt0_HDS_K0!HW1!S,0,x,x,x,x,x,x,x,x,x,x,x,x,x,x,x,x,x,x,x,x,1,x,x,1,x,x,x,x,x,x,x,x,x,x,x,x,x,x,x,x,x,x,x,x,x,x,x,x,x,x,x,x,x,x,x,x,x,x,x,x,x,x,x,x
dPheat^Wt0_HDS_K0!HR0!S,0,x,x,x,x,x,x,x,x,x,x,x,x,x,x,x,x,x,x,x,x,1,x,x,1,x,x,x,x,x,x,x,x,x,x,x,x,x,x,x,x,x,x,x,x,x,x,x,x,x,x,x,x,x,x,x,x,x,x,x,x,x,x,x,x
dPheat^Wt0_HDS_K0!HR1!S,0,x,x,x,x,x,x,x,x,x,x,x,x,x,x,x,x,x,x,x,x,1,x,x,1,x,x,x,x,x,x,x,x,x,x,x,x,x,x,x,x,x,x,x,x,x,x,x,x,x,x,x,x,x,x,x,x,x,x,x,x,x,x,x,x
Iheat_max^!HW0!S,0,x,x,x,x,x,x,x,x,x,x,x,x,x,x,x,x,x,x,x,x,1,x,x,1,x,x,x,x,x,x,x,x,x,x,x,x,x,x,x,x,x,x,x,x,x,x,x,x,x,x,x,x,x,x,x,x,x,x,x,x,x,x,x,x
Iheat_max^!HW1!S,0,x,x,x,x,x,x,x,x,x,x,x,x,x,x,x,x,x,x,x,x,1,x,x,1,x,x,x,x,x,x,x,x,x,x,x,x,x,x,x,x,x,x,x,x,x,x,x,x,x,x,x,x,x,x,x,x,x,x,x,x,x,x,x,x
SRHV_P_Vlo!HW0!T,0,x,x,x,x,x,x,x,x,x,x,x,x,x,x,x,x,x,x,x,x,1,x,x,1,x,x,x,x,x,x,x,x,1,1,x,1,x,x,x,x,x,x,x,x,x,x,x,x,x,x,x,x,x,x,x,x,x,x,x,x,x,x,x,x
SRHV_P_Vlo!HW1!T,0,x,x,x,x,x,x,x,x,x,x,x,x,x,x,x,x,x,x,x,x,1,x,x,1,x,x,x,x,x,x,x,x,1,1,x,1,x,x,x,x,x,x,x,x,x,x,x,x,x,x,x,x,x,x,x,x,x,x,x,x,x,x,x,x
SRHV_P_Vlo!HR0!T,0,x,x,x,x,x,x,x,x,x,x,x,x,x,x,x,x,x,x,x,x,1,x,x,1,x,x,x,x,x,x,x,x,1,1,x,x,x,x,x,x,x,x,x,x,x,x,x,x,x,x,x,x,x,x,x,x,x,x,x,x,x,x,x,x
SRHV_P_Vlo!HR1!T,0,x,x,x,x,x,x,x,x,x,x,x,x,x,x,x,x,x,x,x,x,1,x,x,1,x,x,x,x,x,x,x,x,1,1,x,x,x,x,x,x,x,x,x,x,x,x,x,x,x,x,x,x,x,x,x,x,x,x,x,x,x,x,x,x
t_htr_w2r_tol^P_K0!HW0!S,0,x,x,x,x,x,x,x,x,x,x,x,x,x,x,x,x,x,x,x,x,1,1,x,1,x,x,x,x,x,x,x,x,x,1,x,1,x,x,x,x,x,x,x,x,x,x,x,x,x,x,x,x,x,x,x,x,x,x,x,x,x,x,x,x
t_htr_w2r_tol^P_K0!HW1!S,0,x,x,x,x,x,x,x,x,x,x,x,x,x,x,x,x,x,x,x,x,1,1,x,1,x,x,x,x,x,x,x,x,x,1,x,1,x,x,x,x,x,x,x,x,x,x,x,x,x,x,x,x,x,x,x,x,x,x,x,x,x,x,x,x
t_htr_w2r_tol^V_K0!HR0!S,0,x,x,x,x,x,x,x,x,x,x,x,x,x,x,x,x,x,x,x,x,1,1,x,1,x,x,x,x,x,x,x,x,x,1,x,x,x,x,x,x,x,x,x,x,x,x,x,x,x,x,x,x,x,x,x,x,x,x,x,x,x,x,x,x
t_htr_w2r_tol^V_K0!HR1!S,0,x,x,x,x,x,x,x,x,x,x,x,x,x,x,x,x,x,x,x,x,1,1,x,1,x,x,x,x,x,x,x,x,x,1,x,x,x,x,x,x,x,x,x,x,x,x,x,x,x,x,x,x,x,x,x,x,x,x,x,x,x,x,x,x
t_hdchg_htr^V!HW1!S,0,x,x,x,x,x,x,x,x,x,x,x,x,x,x,x,x,x,x,x,x,1,x,1,1,x,x,x,x,x,x,x,x,x,1,x,1,x,x,x,x,x,x,x,x,x,x,x,x,x,x,x,x,x,x,x,x,x,x,x,x,x,x,x,x
t_hdchg_htr^V!HR1!S,0,x,x,x,x,x,x,x,x,x,x,x,x,x,x,x,x,x,x,x,x,1,x,1,1,x,x,x,x,x,x,x,x,x,1,x,x,x,x,x,x,x,x,x,x,x,x,x,x,x,x,x,x,x,x,x,x,x,x,x,x,x,x,x,x
twr_rd^DC_Ibias!HR0!S,0,0,0,0,x,x,x,x,x,x,x,x,x,x,0,x,x,x,x,x,x,1,x,x,1,x,x,x,x,x,x,x,x,x,x,x,x,x,x,x,x,x,x,x,x,x,x,x,x,x,x,x,x,x,x,x,x,x,1,x,x,1,x,x,x
twr_rd^DC_Ibias!HR0!S,1,1,0,0,x,x,x,x,x,x,x,x,x,x,x,x,x,x,x,x,x,1,x,x,1,x,x,x,x,x,x,x,x,x,x,x,x,x,x,x,x,x,x,x,x,x,x,x,x,x,x,x,x,x,x,x,x,x,1,x,x,1,x,x,x
twr_rd^DC_Ibias!HR0!S,2,0,1,0,x,x,x,x,x,x,x,x,x,x,x,x,x,x,x,x,x,1,x,x,1,x,x,x,x,x,x,x,x,x,x,x,x,x,x,x,x,x,x,x,x,x,x,x,x,x,x,x,x,x,x,x,x,x,1,x,x,1,x,x,x
twr_rd^DC_Ibias!HR0!S,3,x,x,x,x,x,x,x,x,x,x,x,x,x,1,x,x,x,x,x,x,1,x,x,1,x,x,x,x,x,x,x,x,x,x,x,x,x,x,x,x,x,x,x,x,x,x,x,x,x,x,x,x,x,x,x,x,x,1,x,x,1,x,x,x
twr_rd^DC_Ibias!HR1!S,0,0,0,0,x,x,x,x,x,x,x,x,x,x,0,x,x,x,x,x,x,1,x,x,1,x,x,x,x,x,x,x,x,x,x,x,x,x,x,x,x,x,x,x,x,x,x,x,x,x,x,x,x,x,x,x,x,x,1,x,x,1,x,x,x
twr_rd^DC_Ibias!HR1!S,1,1,0,0,x,x,x,x,x,x,x,x,x,x,x,x,x,x,x,x,x,1,x,x,1,x,x,x,x,x,x,x,x,x,x,x,x,x,x,x,x,x,x,x,x,x,x,x,x,x,x,x,x,x,x,x,x,x,1,x,x,1,x,x,x
twr_rd^DC_Ibias!HR1!S,2,0,1,0,x,x,x,x,x,x,x,x,x,x,x,x,x,x,x,x,x,1,x,x,1,x,x,x,x,x,x,x,x,x,x,x,x,x,x,x,x,x,x,x,x,x,x,x,x,x,x,x,x,x,x,x,x,x,1,x,x,1,x,x,x
twr_rd^DC_Ibias!HR1!S,3,x,x,x,x,x,x,x,x,x,x,x,x,x,1,x,x,x,x,x,x,1,x,x,1,x,x,x,x,x,x,x,x,x,x,x,x,x,x,x,x,x,x,x,x,x,x,x,x,x,x,x,x,x,x,x,x,x,1,x,x,1,x,x,x
VFHScm_sel^VbiasMin!HS0!S,0,x,x,x,x,x,x,x,x,x,x,x,x,x,x,1,x,x,x,x,x,1,x,x,1,x,x,x,x,x,x,x,x,x,x,x,x,x,x,x,x,x,x,x,x,x,x,x,x,x,x,x,x,x,x,x,x,x,x,x,x,x,x,x,x
VFHScm_sel^VbiasMin!HS1!S,0,x,x,x,x,x,x,x,x,x,x,x,x,x,x,1,x,x,x,x,x,1,x,x,1,x,x,x,x,x,x,x,x,x,x,x,x,x,x,x,x,x,x,x,x,x,x,x,x,x,x,x,x,x,x,x,x,x,x,x,x,x,x,x,x
Av_fhs_ps^LL!HS0!S,0,0,0,0,x,x,x,x,x,x,x,x,x,x,x,x,x,x,x,x,x,1,x,x,1,x,x,x,x,x,x,x,x,x,x,x,x,x,x,x,x,x,x,x,x,x,x,x,x,x,x,x,x,x,x,x,x,x,1,x,x,1,x,x,x
Av_fhs_ps^LL!HS0!S,1,1,0,0,x,x,x,x,x,x,x,x,x,x,x,x,x,x,x,x,x,1,x,x,1,x,x,x,x,x,x,x,x,x,x,x,x,x,x,x,x,x,x,x,x,x,x,x,x,x,x,x,x,x,x,x,x,x,1,x,x,1,x,x,x
Av_fhs_ps^LL!HS0!S,2,0,1,0,x,x,x,x,x,x,x,x,x,x,x,x,x,x,x,x,x,1,x,x,1,x,x,x,x,x,x,x,x,x,x,x,x,x,x,x,x,x,x,x,x,x,x,x,x,x,x,x,x,x,x,x,x,x,1,x,x,1,x,x,x
Av_fhs_0!HS0!S,0,0,0,0,x,x,x,x,x,x,x,x,x,x,x,x,x,x,x,x,x,1,x,x,1,x,x,x,x,x,x,x,x,x,x,x,x,x,x,x,x,x,x,x,x,x,x,x,x,x,x,x,x,x,x,x,x,x,1,x,x,1,x,x,x
Av_fhs_0!HS0!S,1,1,0,0,x,x,x,x,x,x,x,x,x,x,x,x,x,x,x,x,x,1,x,x,1,x,x,x,x,x,x,x,x,x,x,x,x,x,x,x,x,x,x,x,x,x,x,x,x,x,x,x,x,x,x,x,x,x,1,x,x,1,x,x,x
Av_fhs_0!HS0!S,2,0,1,0,x,x,x,x,x,x,x,x,x,x,x,x,x,x,x,x,x,1,x,x,1,x,x,x,x,x,x,x,x,x,x,x,x,x,x,x,x,x,x,x,x,x,x,x,x,x,x,x,x,x,x,x,x,x,1,x,x,1,x,x,x
Av_fhs_7!HS1!S,0,0,0,0,x,x,x,x,x,x,x,x,x,x,x,x,x,x,x,x,x,1,x,x,1,x,x,x,x,x,x,x,x,x,x,x,x,x,x,x,x,x,x,x,x,x,x,x,x,x,x,x,x,x,x,x,x,x,1,x,x,1,x,x,x
Av_fhs_7!HS1!S,1,1,0,0,x,x,x,x,x,x,x,x,x,x,x,x,x,x,x,x,x,1,x,x,1,x,x,x,x,x,x,x,x,x,x,x,x,x,x,x,x,x,x,x,x,x,x,x,x,x,x,x,x,x,x,x,x,x,1,x,x,1,x,x,x
Av_fhs_7!HS1!S,2,0,1,0,x,x,x,x,x,x,x,x,x,x,x,x,x,x,x,x,x,1,x,x,1,x,x,x,x,x,x,x,x,x,x,x,x,x,x,x,x,x,x,x,x,x,x,x,x,x,x,x,x,x,x,x,x,x,1,x,x,1,x,x,x
dVfhs^K1!HS1!S,0,x,x,x,x,x,x,x,x,x,x,x,x,x,x,1,x,x,x,x,x,1,x,x,1,x,x,x,x,x,x,x,x,x,x,x,x,x,x,x,x,x,x,x,x,x,x,x,x,x,x,x,x,x,x,x,x,x,x,x,x,x,x,x,x
dVfhs^K1!HS0!S,0,x,x,x,x,x,x,x,x,x,x,x,x,x,x,1,x,x,x,x,x,1,x,x,1,x,x,x,x,x,x,x,x,x,x,x,x,x,x,x,x,x,x,x,x,x,x,x,x,x,x,x,x,x,x,x,x,x,x,x,x,x,x,x,x
DepMosRhSe!HR0P!V,0,x,x,x,x,x,x,x,x,x,x,x,x,x,x,x,x,x,x,x,x,x,x,x,x,x,x,x,x,x,x,x,x,x,x,x,x,x,x,x,x,1,x,x,x,x,x,x,x,x,x,x,x,x,x,x,x,x,x,x,x,x,x,x,x
DepMosRhSe!HR0P!V,1,x,x,x,x,x,x,x,x,x,x,x,x,x,x,x,x,x,x,x,x,x,x,x,x,x,x,x,x,x,x,x,x,x,x,x,x,x,x,x,x,0,x,x,x,x,x,x,x,x,x,x,x,x,x,x,x,x,x,x,x,x,x,x,x
DepMosRhSe!HR0P!V,2,x,x,x,x,x,x,x,x,x,x,x,x,x,x,x,x,x,x,x,x,x,x,x,x,x,x,x,x,x,x,x,x,x,x,x,x,x,x,x,1,x,x,x,x,x,x,x,x,x,x,x,x,x,x,x,x,x,x,x,x,x,x,x,x
DepMosRhSe!HR0P!V,3,x,x,x,x,x,x,x,x,x,x,x,x,x,x,x,x,x,x,x,x,x,x,x,x,x,x,x,x,x,x,x,x,x,x,x,x,x,x,x,0,x,x,x,x,x,x,x,x,x,x,x,x,x,x,x,x,x,x,x,x,x,x,x,x
DepMosRhSe!HR1P!V,0,x,x,x,x,x,x,x,x,x,x,x,x,x,x,x,x,x,x,x,x,x,x,x,x,x,x,x,x,x,x,x,x,x,x,x,x,x,x,x,x,1,x,x,x,x,x,x,x,x,x,x,x,x,x,x,x,x,x,x,x,x,x,x,x
DepMosRhSe!HR1P!V,1,x,x,x,x,x,x,x,x,x,x,x,x,x,x,x,x,x,x,x,x,x,x,x,x,x,x,x,x,x,x,x,x,x,x,x,x,x,x,x,x,0,x,x,x,x,x,x,x,x,x,x,x,x,x,x,x,x,x,x,x,x,x,x,x
DepMosRhSe!HR1P!V,2,x,x,x,x,x,x,x,x,x,x,x,x,x,x,x,x,x,x,x,x,x,x,x,x,x,x,x,x,x,x,x,x,x,x,x,x,x,x,x,1,x,x,x,x,x,x,x,x,x,x,x,x,x,x,x,x,x,x,x,x,x,x,x,x
DepMosRhSe!HR1P!V,3,x,x,x,x,x,x,x,x,x,x,x,x,x,x,x,x,x,x,x,x,x,x,x,x,x,x,x,x,x,x,x,x,x,x,x,x,x,x,x,0,x,x,x,x,x,x,x,x,x,x,x,x,x,x,x,x,x,x,x,x,x,x,x,x
Pre_Vref_readback^!R,0,x,x,x,x,x,x,x,x,x,x,x,x,x,x,x,x,x,1,x,x,1,x,x,1,x,x,x,x,x,x,x,x,x,x,x,x,x,x,x,x,x,x,x,x,x,x,x,x,x,x,x,x,x,x,x,x,x,x,x,x,x,x,x,x
Vref_mux_offset^!R,0,x,x,x,x,x,x,x,x,x,x,x,x,x,x,x,x,x,1,x,x,1,x,x,1,x,x,x,x,x,x,x,x,x,x,x,x,x,x,x,x,x,x,x,x,x,x,x,x,x,x,x,x,x,x,x,x,x,x,x,x,x,x,x,x
Pre_Iabs_readback^!R,0,x,x,x,x,x,x,x,x,x,x,x,x,x,x,x,x,x,1,x,x,1,x,x,1,x,x,x,x,x,x,x,x,x,x,x,x,x,x,x,x,x,x,x,x,x,x,x,x,x,x,x,x,x,x,x,x,x,x,x,x,x,x,x,x
Pre_Temp_readback!R,0,x,x,x,x,x,x,x,x,x,x,x,x,x,x,x,x,x,1,x,x,1,x,x,1,x,x,x,x,x,x,x,x,x,x,x,x,x,x,x,x,x,x,x,x,x,x,x,x,x,x,x,x,x,x,x,x,x,x,x,x,x,x,x,x
Pre_TestPass^!R,0,x,x,x,x,x,x,x,x,x,x,x,x,x,x,x,x,x,1,x,x,1,x,x,1,x,x,x,x,x,x,x,x,x,x,x,x,x,x,x,x,x,x,x,x,x,x,x,x,x,x,x,x,x,x,x,x,x,x,x,x,x,x,x,x
Pre_WaferID^!R,0,x,x,x,x,x,x,x,x,x,x,x,x,x,x,x,x,x,1,x,x,1,x,x,1,x,x,x,x,x,x,x,x,x,x,x,x,x,x,x,x,x,x,x,x,x,x,x,x,x,x,x,x,x,x,x,x,x,x,x,x,x,x,x,x
Pre_QuadrantID^!R,0,x,x,x,x,x,x,x,x,x,x,x,x,x,x,x,x,x,1,x,x,1,x,x,1,x,x,x,x,x,x,x,x,x,x,x,x,x,x,x,x,x,x,x,x,x,x,x,x,x,x,x,x,x,x,x,x,x,x,x,x,x,x,x,x
Pre_RadiusID^!R,0,x,x,x,x,x,x,x,x,x,x,x,x,x,x,x,x,x,1,x,x,1,x,x,1,x,x,x,x,x,x,x,x,x,x,x,x,x,x,x,x,x,x,x,x,x,x,x,x,x,x,x,x,x,x,x,x,x,x,x,x,x,x,x,x
HT0W,0,x,x,x,x,x,x,x,x,x,x,x,x,x,x,x,x,x,x,x,x,1,x,x,x,x,x,x,x,x,x,x,x,x,x,x,x,x,x,x,x,1,x,x,x,x,x,x,x,x,x,x,x,x,x,x,x,x,x,x,x,x,x,x,x
HT1W,0,x,x,x,x,x,x,x,x,x,x,x,x,x,x,x,x,x,x,x,x,1,x,x,x,x,x,x,x,x,x,x,x,x,x,x,x,x,x,x,x,1,x,x,x,x,x,x,x,x,x,x,x,x,x,x,x,x,x,x,x,x,x,x,x
HT0R,0,x,x,x,x,x,x,x,x,x,x,x,x,x,x,x,x,x,x,x,x,1,x,x,x,x,x,x,x,x,x,x,x,x,x,x,x,x,x,x,1,x,x,x,x,x,x,x,x,x,x,x,x,x,x,x,x,x,x,x,x,x,x,x,x
HT1R,0,x,x,x,x,x,x,x,x,x,x,x,x,x,x,x,x,x,x,x,x,1,x,x,x,x,x,x,x,x,x,x,x,x,x,x,x,x,x,x,1,x,x,x,x,x,x,x,x,x,x,x,x,x,x,x,x,x,x,x,x,x,x,x,x
Vref_fuse_readback^!R,0,x,x,x,x,x,x,x,x,x,x,x,x,x,x,x,x,x,1,x,x,1,x,x,1,x,x,x,x,x,x,x,x,x,x,x,x,x,x,x,x,x,x,x,x,x,x,x,x,x,x,x,x,x,x,x,x,x,x,x,x,x,x,x,x
Iabs_fuse_readback^!R,0,x,x,x,x,x,x,x,x,x,x,x,x,x,x,x,x,x,1,x,x,1,x,x,1,x,x,x,x,x,x,x,x,x,x,x,x,x,x,x,x,x,x,x,x,x,x,x,x,x,x,x,x,x,x,x,x,x,x,x,x,x,x,x,x
Temp_fuse_readback^!R,0,x,x,x,x,x,x,x,x,x,x,x,x,x,x,x,x,x,1,x,x,1,x,x,1,x,x,x,x,x,x,x,x,x,x,x,x,x,x,x,x,x,x,x,x,x,x,x,x,x,x,x,x,x,x,x,x,x,x,x,x,x,x,x,x
Verify_WaferID^!R,0,x,x,x,x,x,x,x,x,x,x,x,x,x,x,x,x,x,1,x,x,1,x,x,1,x,x,x,x,x,x,x,x,x,x,x,x,x,x,x,x,x,x,x,x,x,x,x,x,x,x,x,x,x,x,x,x,x,x,x,x,x,x,x,x
Verify_QuadrantID^!R,0,x,x,x,x,x,x,x,x,x,x,x,x,x,x,x,x,x,1,x,x,1,x,x,1,x,x,x,x,x,x,x,x,x,x,x,x,x,x,x,x,x,x,x,x,x,x,x,x,x,x,x,x,x,x,x,x,x,x,x,x,x,x,x,x
Verify_RadiusID^!R,0,x,x,x,x,x,x,x,x,x,x,x,x,x,x,x,x,x,1,x,x,1,x,x,1,x,x,x,x,x,x,x,x,x,x,x,x,x,x,x,x,x,x,x,x,x,x,x,x,x,x,x,x,x,x,x,x,x,x,x,x,x,x,x,x
Sim_Temp_readback!R,0,x,x,x,x,x,x,x,x,x,x,x,x,x,x,x,x,x,1,x,x,1,x,x,1,x,x,x,x,x,x,x,x,x,x,x,x,x,x,x,x,x,x,x,x,x,x,x,x,x,x,x,x,x,x,x,x,x,x,x,x,x,x,x,x
Sim_Iabs_readback^!R,0,x,x,x,x,x,x,x,x,x,x,x,x,x,x,x,x,x,1,x,x,1,x,x,1,x,x,x,x,x,x,x,x,x,x,x,x,x,x,x,x,x,x,x,x,x,x,x,x,x,x,x,x,x,x,x,x,x,x,x,x,x,x,x,x
Sim_Vref_readback^!R,0,x,x,x,x,x,x,x,x,x,x,x,x,x,x,x,x,x,1,x,x,1,x,x,1,x,x,x,x,x,x,x,x,x,x,x,x,x,x,x,x,x,x,x,x,x,x,x,x,x,x,x,x,x,x,x,x,x,x,x,x,x,x,x,x
Pre_WHTR_Core_readback^!R,0,x,x,x,x,x,x,x,x,x,x,x,x,x,x,x,x,x,1,x,x,1,x,x,1,x,x,x,x,x,x,x,x,x,x,x,x,x,x,x,x,x,x,x,x,x,x,x,x,x,x,x,x,x,x,x,x,x,x,x,x,x,x,x,x
Pre_WHTR_Slope^!HTW0!R,0,x,x,x,x,x,x,x,x,x,x,x,x,x,x,x,x,x,1,x,x,1,x,x,1,x,x,x,x,x,x,x,x,x,x,x,x,x,x,x,x,x,x,x,x,x,x,x,x,x,x,x,x,x,x,x,x,x,x,x,x,x,x,x,x
Pre_RHTR_Core_readback^!R,0,x,x,x,x,x,x,x,x,x,x,x,x,x,x,x,x,x,1,x,x,1,x,x,1,x,x,x,x,x,x,x,x,x,x,x,x,x,x,x,x,x,x,x,x,x,x,x,x,x,x,x,x,x,x,x,x,x,x,x,x,x,x,x,x
Post_RHTR_Slope^!HTR0!R,0,x,x,x,x,x,x,x,x,x,x,x,x,x,x,x,x,x,1,x,x,1,x,x,1,x,x,x,x,x,x,x,x,x,x,x,x,x,x,x,x,x,x,x,x,x,x,x,x,x,x,x,x,x,x,x,x,x,x,x,x,x,x,x,x
Post_WHTR_Slope^!HTW0!R,0,x,x,x,x,x,x,x,x,x,x,x,x,x,x,x,x,x,1,x,x,1,x,x,1,x,x,x,x,x,x,x,x,x,x,x,x,x,x,x,x,x,x,x,x,x,x,x,x,x,x,x,x,x,x,x,x,x,x,x,x,x,x,x,x
WHTR_Core_readback^!R,0,x,x,x,x,x,x,x,x,x,x,x,x,x,x,x,x,x,1,x,x,1,x,x,1,x,x,x,x,x,x,x,x,x,x,x,x,x,x,x,x,x,x,x,x,x,x,x,x,x,x,x,x,x,x,x,x,x,x,x,x,x,x,x,x
RHTR_Core_readback^!R,0,x,x,x,x,x,x,x,x,x,x,x,x,x,x,x,x,x,1,x,x,1,x,x,1,x,x,x,x,x,x,x,x,x,x,x,x,x,x,x,x,x,x,x,x,x,x,x,x,x,x,x,x,x,x,x,x,x,x,x,x,x,x,x,x
Hbhi^W!HT0W!S,0,x,x,x,x,x,x,x,x,x,x,x,x,x,x,x,x,x,1,x,x,1,x,x,1,x,x,x,x,x,x,x,x,x,x,x,x,x,x,x,x,x,x,x,x,x,x,x,x,x,x,x,x,x,x,x,x,x,x,x,x,x,x,x,x
Hbhi^W!HT1W!S,0,x,x,x,x,x,x,x,x,x,x,x,x,x,x,x,x,x,1,x,x,1,x,x,1,x,x,x,x,x,x,x,x,x,x,x,x,x,x,x,x,x,x,x,x,x,x,x,x,x,x,x,x,x,x,x,x,x,x,x,x,x,x,x,x
Hbhi^R!HT0R!S,0,x,x,x,x,x,x,x,x,x,x,x,x,x,x,x,x,x,1,x,x,1,x,x,1,x,x,x,x,x,x,x,x,x,x,x,x,x,x,x,x,x,x,x,x,x,x,x,x,x,x,x,x,x,x,x,x,x,x,x,x,x,x,x,x
Hbhi^R!HT1R!S,0,x,x,x,x,x,x,x,x,x,x,x,x,x,x,x,x,x,1,x,x,1,x,x,1,x,x,x,x,x,x,x,x,x,x,x,x,x,x,x,x,x,x,x,x,x,x,x,x,x,x,x,x,x,x,x,x,x,x,x,x,x,x,x,x
IdRheat_W_Target!R,0,x,x,x,x,x,x,x,x,x,x,x,x,x,x,x,x,x,x,x,x,1,x,x,1,x,x,x,x,x,x,x,x,x,x,x,x,x,x,x,x,x,x,x,x,x,x,x,x,x,x,x,x,x,x,x,x,x,x,x,x,x,x,x,x
IdRheat_R_Target!R,0,x,x,x,x,x,x,x,x,x,x,x,x,x,x,x,x,x,x,x,x,1,x,x,1,x,x,x,x,x,x,x,x,x,x,x,x,x,x,x,x,x,x,x,x,x,x,x,x,x,x,x,x,x,x,x,x,x,x,x,x,x,x,x,x
FHSbhi^!HS0!R,0,x,x,x,x,x,x,x,x,x,x,x,x,x,x,1,x,x,1,x,x,1,x,x,1,x,x,x,x,x,x,x,x,x,x,x,x,x,x,x,x,x,x,x,x,x,x,x,x,x,x,x,x,x,x,x,x,x,x,x,x,x,x,x,x
FHSbhi^!HS1!R,0,x,x,x,x,x,x,x,x,x,x,x,x,x,x,1,x,x,1,x,x,1,x,x,1,x,x,x,x,x,x,x,x,x,x,x,x,x,x,x,x,x,x,x,x,x,x,x,x,x,x,x,x,x,x,x,x,x,x,x,x,x,x,x,x
AdRheat_W!HT0W!R,0,x,x,x,x,x,x,x,x,x,x,x,x,x,x,x,x,x,1,x,x,1,x,x,1,x,x,x,x,x,x,x,x,x,x,x,x,x,x,x,x,x,x,x,x,x,x,x,x,x,x,x,x,x,x,x,x,x,x,x,x,x,x,x,x
AdRheat_W!HT1W!R,0,x,x,x,x,x,x,x,x,x,x,x,x,x,x,x,x,x,1,x,x,1,x,x,1,x,x,x,x,x,x,x,x,x,x,x,x,x,x,x,x,x,x,x,x,x,x,x,x,x,x,x,x,x,x,x,x,x,x,x,x,x,x,x,x
AdRheat_R!HT0R!R,0,x,x,x,x,x,x,x,x,x,x,x,x,x,x,x,x,x,1,x,x,1,x,x,1,x,x,x,x,x,x,x,x,x,x,x,x,x,x,x,x,x,x,x,x,x,x,x,x,x,x,x,x,x,x,x,x,x,x,x,x,x,x,x,x
AdRheat_R!HT1R!R,0,x,x,x,x,x,x,x,x,x,x,x,x,x,x,x,x,x,1,x,x,1,x,x,1,x,x,x,x,x,x,x,x,x,x,x,x,x,x,x,x,x,x,x,x,x,x,x,x,x,x,x,x,x,x,x,x,x,x,x,x,x,x,x,x
Wbhv^!HW0!S,0,x,x,x,x,x,x,x,x,x,x,x,x,x,x,1,x,x,1,x,x,1,x,x,1,x,x,x,x,x,x,x,x,x,x,x,x,0,1,x,x,x,x,x,x,x,x,x,x,x,x,x,x,x,x,x,x,x,x,x,x,x,x,x,x
Wbhv^!HW0!S,1,x,x,x,x,x,x,x,x,x,x,x,x,x,x,1,x,x,1,x,x,1,x,x,1,x,x,x,x,x,x,x,x,x,x,x,x,1,0,x,x,x,x,x,x,x,x,x,x,x,x,x,x,x,x,x,x,x,x,x,x,x,x,x,x
Wbhv^!HW1!S,0,x,x,x,x,x,x,x,x,x,x,x,x,x,x,1,x,x,1,x,x,1,x,x,1,x,x,x,x,x,x,x,x,x,x,x,x,0,1,x,x,x,x,x,x,x,x,x,x,x,x,x,x,x,x,x,x,x,x,x,x,x,x,x,x
Wbhv^!HW1!S,1,x,x,x,x,x,x,x,x,x,x,x,x,x,x,1,x,x,1,x,x,1,x,x,1,x,x,x,x,x,x,x,x,x,x,x,x,1,0,x,x,x,x,x,x,x,x,x,x,x,x,x,x,x,x,x,x,x,x,x,x,x,x,x,x
RW_ACC^!HW0!R,0,x,x,x,x,x,x,x,x,x,x,x,x,x,x,1,x,x,1,x,x,1,x,x,1,x,x,x,x,x,x,x,x,x,x,x,x,x,x,x,x,x,x,x,x,x,x,x,x,x,x,x,x,x,x,x,x,x,x,x,x,x,x,x,x
RW_ACC^!HW1!R,0,x,x,x,x,x,x,x,x,x,x,x,x,x,x,x,x,x,1,x,x,1,x,x,1,x,x,x,x,x,x,x,x,x,x,x,x,x,x,x,x,x,x,x,x,x,x,x,x,x,x,x,x,x,x,x,x,x,x,x,x,x,x,x,x
RMR_ACC_RDBHV_Cal!HR0!R,0,x,x,x,x,x,x,x,x,x,x,x,x,x,x,x,x,x,1,x,x,1,x,x,1,x,x,x,x,x,x,x,x,x,x,x,x,x,x,x,x,x,x,x,x,x,x,x,x,x,x,x,x,x,x,x,x,x,x,x,x,x,x,x,x
RMR_ACC_RDBHV_Cal!HR1!R,0,x,x,x,x,x,x,x,x,x,x,x,x,x,x,x,x,x,1,x,x,1,x,x,1,x,x,x,x,x,x,x,x,x,x,x,x,x,x,x,x,x,x,x,x,x,x,x,x,x,x,x,x,x,x,x,x,x,x,x,x,x,x,x,x
RMR_ACC_RDBHI!HR0!R,0,x,x,x,x,x,x,x,x,x,x,x,x,x,x,x,x,x,1,x,x,1,x,x,1,x,x,x,x,x,x,x,x,x,x,x,x,x,x,x,x,x,x,x,x,x,x,x,x,x,x,x,x,x,x,x,x,x,x,x,x,x,x,x,x
RMR_ACC_RDBHI!HR1!R,0,x,x,x,x,x,x,x,x,x,x,x,x,x,x,x,x,x,1,x,x,1,x,x,1,x,x,x,x,x,x,x,x,x,x,x,x,x,x,x,x,x,x,x,x,x,x,x,x,x,x,x,x,x,x,x,x,x,x,x,x,x,x,x,x
RMR_ACC_RDBHV!HR0!R,0,x,x,x,x,x,x,x,x,x,x,x,x,x,x,x,x,x,1,x,x,1,x,x,1,x,x,x,x,x,x,x,x,x,x,x,x,x,x,x,x,x,x,x,x,x,x,x,x,x,x,x,x,x,x,x,x,x,x,x,x,x,x,x,x
RMR_ACC_RDBHV!HR1!R,0,x,x,x,x,x,x,x,x,x,x,x,x,x,x,x,x,x,1,x,x,1,x,x,1,x,x,x,x,x,x,x,x,x,x,x,x,x,x,x,x,x,x,x,x,x,x,x,x,x,x,x,x,x,x,x,x,x,x,x,x,x,x,x,x
FHS_Counter!SPD!R,0,x,x,x,x,x,x,x,x,x,x,x,x,x,x,x,x,x,x,x,x,1,x,x,1,x,x,x,x,x,x,x,x,x,x,x,x,x,x,x,x,x,x,x,x,x,x,x,x,x,x,x,x,x,x,x,x,x,x,x,x,x,x,x,x
Rbhv_Vos^!HR0!S,0,x,x,x,x,x,x,x,x,x,x,x,x,x,x,x,x,x,1,x,x,1,x,x,1,x,x,x,x,x,x,x,x,x,x,x,x,x,x,x,x,x,x,x,x,x,x,x,x,x,x,x,x,x,x,x,x,x,x,x,x,x,x,x,x
Rbhi^K3!HR0!R,0,x,x,x,x,x,x,x,x,x,x,x,x,x,x,x,x,x,1,x,x,1,x,x,1,x,x,x,x,x,x,x,x,x,x,x,x,x,x,x,x,x,x,x,x,x,x,x,x,x,x,x,x,x,x,x,x,x,x,x,x,x,x,x,x
Rbhi^K3!HR1!R,0,x,x,x,x,x,x,x,x,x,x,x,x,x,x,x,x,x,1,x,x,1,x,x,1,x,x,x,x,x,x,x,x,x,x,x,x,x,x,x,x,x,x,x,x,x,x,x,x,x,x,x,x,x,x,x,x,x,x,x,x,x,x,x,x
Rbhv_Vos^!HR1!S,0,x,x,x,x,x,x,x,x,x,x,x,x,x,x,x,x,x,1,x,x,1,x,x,1,x,x,x,x,x,x,x,x,x,x,x,x,x,x,x,x,x,x,x,x,x,x,x,x,x,x,x,x,x,x,x,x,x,x,x,x,x,x,x,x
Rhbuff_vos^!RDX!S,0,x,x,x,x,x,x,x,x,x,1,x,x,x,x,x,x,x,1,x,x,1,x,x,1,x,x,x,x,x,x,x,x,x,x,x,x,x,x,x,x,1,x,x,x,x,x,x,1,x,x,x,x,x,x,x,x,x,x,x,x,x,x,x,x
WO_Trip!V,0,x,x,x,x,x,x,x,x,x,x,x,x,x,x,1,x,x,1,x,x,1,x,x,1,x,x,x,x,x,x,x,x,x,x,x,x,x,x,x,x,x,x,x,x,x,x,x,x,x,x,x,x,x,x,x,x,x,x,x,x,x,x,x,x
WS_Trip!V,0,x,x,x,x,x,x,x,x,x,x,x,x,x,x,1,x,x,1,x,x,1,x,x,1,x,x,x,x,x,x,x,x,x,x,x,x,x,x,x,x,x,x,x,x,x,x,x,x,x,x,x,x,x,x,x,x,x,x,x,x,x,x,x,x
Rhof^R!HR0!S,0,x,x,x,x,x,x,x,x,x,x,x,x,x,x,x,x,x,1,x,x,1,x,x,1,x,x,x,x,x,x,x,x,x,x,x,x,x,x,x,x,x,x,x,x,x,x,x,x,x,x,x,x,x,x,x,x,x,x,x,x,x,x,x,x
Vf_vcc^Wt_DN!S,0,x,x,x,x,x,x,x,x,x,x,x,x,x,x,x,x,x,1,x,x,1,x,x,1,x,x,x,x,x,x,x,x,x,x,x,x,x,x,x,x,x,x,x,x,x,x,x,x,x,x,x,x,x,x,x,x,x,x,x,x,x,x,x,x
Vf_por_vee!V,0,x,x,x,x,x,x,x,x,x,x,x,x,x,x,x,x,x,1,x,x,1,x,x,1,x,x,x,x,x,x,x,x,x,x,x,x,x,x,x,x,x,x,x,x,x,x,x,x,x,x,x,x,x,x,x,x,x,x,x,x,x,x,x,x
T_hot_135_V!FLTMUX!V,0,x,x,x,x,x,x,x,x,x,x,x,x,x,x,x,x,x,1,x,x,1,x,x,1,x,x,x,x,x,x,x,x,x,x,x,x,x,x,x,x,x,x,x,x,x,x,x,x,x,x,x,x,x,x,x,x,x,x,x,x,x,x,x,x
FHS_dVth^K0!FLTMUX!S,0,x,x,x,x,x,x,x,x,x,x,x,x,x,x,x,x,x,1,x,x,1,x,x,1,x,x,x,x,x,x,x,x,x,x,x,x,x,x,x,x,x,x,x,x,x,x,x,x,x,x,x,x,x,x,x,x,x,x,x,x,x,x,x,x
FHS_W2R_NoFaults!R,0,x,x,x,x,x,x,x,x,x,x,x,x,x,x,x,x,x,x,x,x,1,x,x,1,x,x,x,x,x,x,x,x,x,x,x,x,x,x,x,x,x,x,x,x,x,x,x,x,x,x,x,x,x,x,x,x,x,x,x,x,x,x,x,x
FHS_dVtripK16_p!FLT!R,0,x,x,x,x,x,x,x,x,x,x,x,x,x,x,x,x,x,1,x,x,1,x,x,1,x,x,x,x,x,x,x,x,x,x,x,x,x,x,x,x,x,x,x,x,x,x,x,x,x,x,x,x,x,x,x,x,x,x,x,x,x,x,x,x
FHS_dVtripK16_n!FLT!R,0,x,x,x,x,x,x,x,x,x,x,x,x,x,x,x,x,x,1,x,x,1,x,x,1,x,x,x,x,x,x,x,x,x,x,x,x,x,x,x,x,x,x,x,x,x,x,x,x,x,x,x,x,x,x,x,x,x,x,x,x,x,x,x,x
RfhsOpen_v^!HR0!S,0,x,x,x,x,x,x,x,x,x,x,x,x,x,x,1,x,x,1,x,x,1,x,x,1,x,x,x,x,x,x,x,x,x,x,x,x,x,x,x,x,x,x,x,x,x,x,x,x,x,x,x,x,x,x,x,x,x,x,x,x,x,x,x,x
RfhsShort_v^!HR0!S,0,x,x,x,x,x,x,x,x,x,x,x,x,x,x,1,x,x,1,x,x,1,x,x,1,x,x,x,x,x,x,x,x,x,x,x,x,x,x,x,x,x,x,x,x,x,x,x,x,x,x,x,x,x,x,x,x,x,x,x,x,x,x,x,x
WIPO_Vth_K0!WDX!R,0,x,x,x,x,x,x,x,x,x,x,x,x,x,x,x,x,x,x,x,x,1,x,x,1,x,x,x,x,x,x,x,x,x,x,x,x,x,x,x,x,x,x,x,x,x,x,x,x,x,x,x,x,x,x,x,x,x,x,x,x,x,x,x,x
IWLOW_Fault_K20!R,0,x,x,x,x,x,x,x,x,x,x,x,x,x,x,x,x,x,x,x,x,1,x,x,1,x,x,x,x,x,x,x,x,x,x,x,x,x,x,x,x,x,x,x,x,x,x,x,x,x,x,x,x,x,x,x,x,x,x,x,x,x,x,x,x
VIH^1p8_func!RWn!S,0,x,x,x,x,x,x,x,x,x,x,x,x,x,x,1,x,x,1,x,x,1,x,x,1,x,x,x,x,x,x,x,x,x,x,x,x,x,x,x,x,x,x,x,x,x,x,x,x,x,x,x,x,x,x,x,x,x,x,x,x,x,x,x,x
VIH^2p5_func!RWn!S,0,x,x,x,x,x,x,x,x,x,x,x,x,x,x,1,x,x,1,x,x,1,x,x,1,x,x,x,x,x,x,x,x,x,x,x,x,x,x,x,x,x,x,x,x,x,x,x,x,x,x,x,x,x,x,x,x,x,x,x,x,x,x,x,x
Rf_fos_ith_nom!HR0!S,0,x,x,x,x,x,x,x,x,x,x,x,x,x,x,x,x,x,1,x,x,1,x,x,1,x,x,x,x,x,x,x,x,x,x,x,x,x,x,x,x,x,x,x,x,x,x,x,x,x,x,x,x,x,x,x,x,x,x,x,x,x,x,x,x
t_D1^!HW0!S,0,x,x,x,x,x,x,x,x,x,x,x,x,x,x,x,x,x,x,x,1,1,x,x,1,1,x,x,x,x,x,x,x,x,x,x,x,x,x,x,x,x,x,x,x,x,x,x,x,x,x,x,x,x,x,x,x,x,x,x,x,x,x,x,x
t_D4^!HW0!S,0,x,x,x,x,x,x,x,x,x,x,x,x,x,x,x,x,x,1,x,x,1,x,x,1,x,x,x,x,x,x,x,x,x,x,x,x,x,x,x,x,x,x,x,x,x,x,x,x,x,x,x,x,x,x,x,x,x,x,x,x,x,x,x,x
f_fhs_ta_hc0^!HS0!S,0,0,0,0,x,x,x,x,x,x,x,x,x,x,x,x,x,x,x,x,x,1,x,x,1,x,x,x,x,x,x,x,x,x,x,x,x,x,x,x,x,x,x,x,x,x,x,x,x,x,x,x,x,x,x,x,x,x,1,x,x,1,x,x,x
f_fhs_ta_hc0^!HS0!S,1,1,0,0,x,x,x,x,x,x,x,x,x,x,x,x,x,x,x,x,x,1,x,x,1,x,x,x,x,x,x,x,x,x,x,x,x,x,x,x,x,x,x,x,x,x,x,x,x,x,x,x,x,x,x,x,x,x,1,x,x,1,x,x,x
f_fhs_ta_hc0^!HS0!S,2,0,1,0,x,x,x,x,x,x,x,x,x,x,x,x,x,x,x,x,x,1,x,x,1,x,x,x,x,x,x,x,x,x,x,x,x,x,x,x,x,x,x,x,x,x,x,x,x,x,x,x,x,x,x,x,x,x,1,x,x,1,x,x,x
f_fhs_ta_lc2^!HS0!R,0,0,0,0,x,x,x,x,x,x,x,x,x,x,x,x,x,x,x,x,x,1,x,x,1,x,x,x,x,x,x,x,x,x,x,x,x,x,x,x,x,x,x,x,x,x,x,x,x,x,x,x,x,x,x,x,x,x,1,x,x,1,x,x,x
f_fhs_ta_lc2^!HS0!R,1,1,0,0,x,x,x,x,x,x,x,x,x,x,x,x,x,x,x,x,x,1,x,x,1,x,x,x,x,x,x,x,x,x,x,x,x,x,x,x,x,x,x,x,x,x,x,x,x,x,x,x,x,x,x,x,x,x,1,x,x,1,x,x,x
f_fhs_ta_lc2^!HS0!R,2,0,1,0,x,x,x,x,x,x,x,x,x,x,x,x,x,x,x,x,x,1,x,x,1,x,x,x,x,x,x,x,x,x,x,x,x,x,x,x,x,x,x,x,x,x,x,x,x,x,x,x,x,x,x,x,x,x,1,x,x,1,x,x,x
f_fhs_ct_hc0^!HS0!S,0,0,0,0,x,x,x,x,x,x,x,x,x,x,x,x,x,x,x,x,x,1,x,x,1,x,x,x,x,x,x,x,x,x,x,x,x,x,x,x,x,x,x,x,x,x,x,x,x,x,x,x,x,x,x,x,x,x,1,x,x,1,x,x,x
f_fhs_ct_hc0^!HS0!S,1,1,0,0,x,x,x,x,x,x,x,x,x,x,x,x,x,x,x,x,x,1,x,x,1,x,x,x,x,x,x,x,x,x,x,x,x,x,x,x,x,x,x,x,x,x,x,x,x,x,x,x,x,x,x,x,x,x,1,x,x,1,x,x,x
f_fhs_ct_hc0^!HS0!S,2,0,1,0,x,x,x,x,x,x,x,x,x,x,x,x,x,x,x,x,x,1,x,x,1,x,x,x,x,x,x,x,x,x,x,x,x,x,x,x,x,x,x,x,x,x,x,x,x,x,x,x,x,x,x,x,x,x,1,x,x,1,x,x,x
f_fhs_ct_lc0^!HS0!S,0,0,0,0,x,x,x,x,x,x,x,x,x,x,x,x,x,x,x,x,x,1,x,x,1,x,x,x,x,x,x,x,x,x,x,x,x,x,x,x,x,x,x,x,x,x,x,x,x,x,x,x,x,x,x,x,x,x,1,x,x,1,x,x,x
f_fhs_ct_lc0^!HS0!S,1,1,0,0,x,x,x,x,x,x,x,x,x,x,x,x,x,x,x,x,x,1,x,x,1,x,x,x,x,x,x,x,x,x,x,x,x,x,x,x,x,x,x,x,x,x,x,x,x,x,x,x,x,x,x,x,x,x,1,x,x,1,x,x,x
f_fhs_ct_lc0^!HS0!S,2,0,1,0,x,x,x,x,x,x,x,x,x,x,x,x,x,x,x,x,x,1,x,x,1,x,x,x,x,x,x,x,x,x,x,x,x,x,x,x,x,x,x,x,x,x,x,x,x,x,x,x,x,x,x,x,x,x,1,x,x,1,x,x,x
twr_ps_Iw^GrossFunc!HW0!S,0,0,0,0,x,x,x,0,x,x,x,x,x,x,0,x,x,x,x,x,x,1,x,x,1,x,x,x,x,x,x,x,x,x,x,x,x,x,x,x,x,x,x,x,x,x,x,x,x,x,x,x,x,x,x,x,x,x,0,x,x,x,x,x,x
twr_ps_Iw^GrossFunc!HW0!S,1,1,0,0,x,x,x,0,x,x,x,x,x,x,1,x,x,x,x,x,x,1,x,x,1,x,x,x,x,x,x,x,x,x,x,x,x,x,x,x,x,x,x,x,x,x,x,x,x,x,x,x,x,x,x,x,x,x,1,x,x,x,x,x,x
twr_ps_Iw^GrossFunc!HW0!S,2,0,0,0,x,x,1,1,x,x,x,x,x,x,0,x,x,x,x,x,x,1,x,x,1,x,x,x,x,x,x,x,x,x,x,x,x,x,x,x,x,x,x,x,x,x,x,x,x,x,x,x,x,x,x,x,x,1,0,x,x,1,x,x,x
twr_ps_Iw^GrossFunc!HW1!S,0,0,0,0,x,x,x,0,x,x,x,x,x,x,0,x,x,x,x,x,x,1,x,x,1,x,x,x,x,x,x,x,x,x,x,x,x,x,x,x,x,x,x,x,x,x,x,x,x,x,x,x,x,x,x,x,x,x,0,x,x,x,x,x,x
twr_ps_Iw^GrossFunc!HW1!S,1,1,0,0,x,x,x,0,x,x,x,x,x,x,1,x,x,x,x,x,x,1,x,x,1,x,x,x,x,x,x,x,x,x,x,x,x,x,x,x,x,x,x,x,x,x,x,x,x,x,x,x,x,x,x,x,x,x,1,x,x,x,x,x,x
twr_ps_Iw^GrossFunc!HW1!S,2,0,0,0,x,x,1,1,x,x,x,x,x,x,0,x,x,x,x,x,x,1,x,x,1,x,x,x,x,x,x,x,x,x,x,x,x,x,x,x,x,x,x,x,x,x,x,x,x,x,x,x,x,x,x,x,x,1,0,x,x,1,x,x,x
t_hdch^0to1_crossb!S,0,0,0,0,x,x,x,x,x,x,x,x,x,x,x,x,x,x,x,x,x,1,x,x,1,x,x,x,x,x,x,x,x,x,x,x,x,x,x,x,x,x,x,x,x,x,x,x,x,x,x,x,x,x,x,x,x,x,1,x,x,1,x,x,x
t_hdch^0to1_crossb!S,1,1,0,0,x,x,x,x,x,x,x,x,x,x,x,x,x,x,x,x,x,1,x,x,1,x,x,x,x,x,x,x,x,x,x,x,x,x,x,x,x,x,x,x,x,x,x,x,x,x,x,x,x,x,x,x,x,x,1,x,x,1,x,x,x
t_hdch^0to1_crossb!S,2,0,1,0,x,x,x,x,x,x,x,x,x,x,x,x,x,x,x,x,x,1,x,x,1,x,x,x,x,x,x,x,x,x,x,x,x,x,x,x,x,x,x,x,x,x,x,x,x,x,x,x,x,x,x,x,x,x,1,x,x,1,x,x,x
t_nb^AC!HR0!V,0,0,0,0,x,x,x,x,x,x,x,x,x,x,x,x,x,x,x,x,x,1,x,x,1,x,x,x,x,x,x,x,x,x,x,x,x,x,x,x,x,x,x,x,x,x,x,x,x,x,x,x,x,x,x,x,x,x,1,x,x,1,x,x,x
t_nb^AC!HR0!V,1,1,0,0,x,x,x,x,x,x,x,x,x,x,x,x,x,x,x,x,x,1,x,x,1,x,x,x,x,x,x,x,x,x,x,x,x,x,x,x,x,x,x,x,x,x,x,x,x,x,x,x,x,x,x,x,x,x,1,x,x,1,x,x,x
t_nb^AC!HR0!V,2,0,1,0,x,x,x,x,x,x,x,x,x,x,x,x,x,x,x,x,x,1,x,x,1,x,x,x,x,x,x,x,x,x,x,x,x,x,x,x,x,x,x,x,x,x,x,x,x,x,x,x,x,x,x,x,x,x,1,x,x,1,x,x,x
t_ir^AC!HR0!S,0,0,0,0,x,x,x,x,x,x,x,x,x,x,x,x,x,x,x,x,x,1,x,x,1,x,x,x,x,x,x,x,x,x,x,x,x,x,x,x,x,x,x,x,x,x,x,x,x,x,x,x,x,x,x,x,x,x,1,x,x,1,x,x,x
t_ir^AC!HR0!S,1,1,0,0,x,x,x,x,x,x,x,x,x,x,x,x,x,x,x,x,x,1,x,x,1,x,x,x,x,x,x,x,x,x,x,x,x,x,x,x,x,x,x,x,x,x,x,x,x,x,x,x,x,x,x,x,x,x,1,x,x,1,x,x,x
t_ir^AC!HR0!S,2,0,1,0,x,x,x,x,x,x,x,x,x,x,x,x,x,x,x,x,x,1,x,x,1,x,x,x,x,x,x,x,x,x,x,x,x,x,x,x,x,x,x,x,x,x,x,x,x,x,x,x,x,x,x,x,x,x,1,x,x,1,x,x,x
twr_rd^Slow!HR0!R,0,x,x,x,x,x,x,x,x,x,x,x,x,x,x,x,x,x,x,x,x,1,x,x,1,x,x,x,x,x,x,x,x,x,x,x,x,x,x,x,x,x,x,x,x,x,x,x,x,x,x,x,x,x,x,x,x,x,1,x,x,1,x,x,x
twr_rd^Slow!HR1!R,0,x,x,x,x,x,x,x,x,x,x,x,x,x,x,x,x,x,x,x,x,1,x,x,1,x,x,x,x,x,x,x,x,x,x,x,x,x,x,x,x,x,x,x,x,x,x,x,x,x,x,x,x,x,x,x,x,x,1,x,x,1,x,x,x
AutoCal_Reset!HR0!R,0,x,x,x,x,x,x,x,x,x,x,x,x,x,x,x,x,x,x,x,x,1,x,x,1,x,x,x,x,x,x,x,x,x,x,x,x,x,x,x,x,x,x,x,x,x,x,x,x,x,x,x,x,x,x,x,x,x,x,x,x,x,x,x,x
f_lc0^Ibias!HR0!S,0,0,0,0,x,x,x,x,x,x,x,x,x,x,x,x,x,x,x,x,x,1,x,x,1,x,x,x,x,x,x,x,x,x,x,x,x,x,x,x,x,x,x,x,x,x,x,x,x,x,x,x,x,x,x,x,x,x,1,x,x,1,x,x,x
f_lc0^Ibias!HR0!S,1,1,0,0,x,x,x,x,x,x,x,x,x,x,x,x,x,x,x,x,x,1,x,x,1,x,x,x,x,x,x,x,x,x,x,x,x,x,x,x,x,x,x,x,x,x,x,x,x,x,x,x,x,x,x,x,x,x,1,x,x,1,x,x,x
f_lc0^Ibias!HR0!S,2,0,1,0,x,x,x,x,x,x,x,x,x,x,x,x,x,x,x,x,x,1,x,x,1,x,x,x,x,x,x,x,x,x,x,x,x,x,x,x,x,x,x,x,x,x,x,x,x,x,x,x,x,x,x,x,x,x,1,x,x,1,x,x,x
FHS_Sleep_V_Rd!DMUX!R,0,x,x,x,x,x,x,x,x,x,x,x,x,x,x,1,x,x,1,x,x,1,x,x,1,x,x,x,x,x,x,x,x,x,x,x,x,x,x,x,x,x,x,x,x,x,x,x,x,x,x,x,x,x,x,x,x,x,x,x,x,x,x,x,x
FHS_Sleep_V_Tseq1!DMUX!V,0,x,x,x,x,x,x,x,x,x,x,x,x,x,x,0,x,x,0,x,1,1,x,1,1,x,x,x,x,x,x,x,x,x,x,x,x,x,x,x,x,x,x,x,x,x,x,x,x,x,x,x,x,x,x,x,x,x,x,x,x,x,x,x,x
t_detcr_mode0^!DMUX!R,0,x,x,x,x,x,x,x,x,x,x,x,x,x,x,0,x,x,0,x,1,1,1,0,1,x,x,x,x,x,x,x,x,x,x,x,x,x,x,x,x,x,x,x,x,x,x,x,x,x,x,x,x,x,x,x,x,x,x,x,x,x,x,x,x
t_detcr_heater0!DMUX!R,0,x,x,x,x,x,x,x,x,x,x,x,x,x,x,0,x,x,1,x,x,1,x,x,1,x,x,x,x,x,x,x,x,x,x,x,x,x,x,x,x,x,x,x,x,x,x,x,x,x,x,x,x,x,x,x,x,x,x,x,x,x,x,x,x
t_detcr_heater1^!DMUX!S,0,x,x,x,x,x,x,x,x,x,x,x,x,x,x,0,x,x,0,x,1,1,1,0,1,x,x,x,x,x,x,x,x,x,x,x,x,x,x,x,x,x,x,x,x,x,x,x,x,x,x,x,x,x,x,x,x,x,x,x,x,x,x,x,x
